# The travel section's country base: ISO 3166-1 alpha-2 code, default
# continent, English name. Names in other languages come from the
# system by the code; this English one is the fallback. Generated by
# tools/travel/make_travel_assets.py; continents follow Natural Earth,
# with the travellers' choice for countries on a border.
AD	EUROPE	Andorra
AE	ASIA	United Arab Emirates
AF	ASIA	Afghanistan
AG	NORTH_AMERICA	Antigua & Barbuda
AI	NORTH_AMERICA	Anguilla
AL	EUROPE	Albania
AM	EUROPE	Armenia
AO	AFRICA	Angola
AQ	ANTARCTICA	Antarctica
AR	SOUTH_AMERICA	Argentina
AS	OCEANIA	American Samoa
AT	EUROPE	Austria
AU	OCEANIA	Australia
AW	NORTH_AMERICA	Aruba
AX	EUROPE	Åland Islands
AZ	EUROPE	Azerbaijan
BA	EUROPE	Bosnia & Herzegovina
BB	NORTH_AMERICA	Barbados
BD	ASIA	Bangladesh
BE	EUROPE	Belgium
BF	AFRICA	Burkina Faso
BG	EUROPE	Bulgaria
BH	ASIA	Bahrain
BI	AFRICA	Burundi
BJ	AFRICA	Benin
BL	NORTH_AMERICA	St. Barthélemy
BM	NORTH_AMERICA	Bermuda
BN	ASIA	Brunei
BO	SOUTH_AMERICA	Bolivia
BQ	NORTH_AMERICA	Caribbean Netherlands
BR	SOUTH_AMERICA	Brazil
BS	NORTH_AMERICA	Bahamas
BT	ASIA	Bhutan
BV	ANTARCTICA	Bouvet Island
BW	AFRICA	Botswana
BY	EUROPE	Belarus
BZ	NORTH_AMERICA	Belize
CA	NORTH_AMERICA	Canada
CC	ASIA	Cocos (Keeling) Islands
CD	AFRICA	Congo - Kinshasa
CF	AFRICA	Central African Republic
CG	AFRICA	Congo - Brazzaville
CH	EUROPE	Switzerland
CI	AFRICA	Côte d’Ivoire
CK	OCEANIA	Cook Islands
CL	SOUTH_AMERICA	Chile
CM	AFRICA	Cameroon
CN	ASIA	China
CO	SOUTH_AMERICA	Colombia
CR	NORTH_AMERICA	Costa Rica
CU	NORTH_AMERICA	Cuba
CV	AFRICA	Cape Verde
CW	NORTH_AMERICA	Curaçao
CX	ASIA	Christmas Island
CY	EUROPE	Cyprus
CZ	EUROPE	Czechia
DE	EUROPE	Germany
DJ	AFRICA	Djibouti
DK	EUROPE	Denmark
DM	NORTH_AMERICA	Dominica
DO	NORTH_AMERICA	Dominican Republic
DZ	AFRICA	Algeria
EC	SOUTH_AMERICA	Ecuador
EE	EUROPE	Estonia
EG	AFRICA	Egypt
EH	AFRICA	Western Sahara
ER	AFRICA	Eritrea
ES	EUROPE	Spain
ET	AFRICA	Ethiopia
FI	EUROPE	Finland
FJ	OCEANIA	Fiji
FK	SOUTH_AMERICA	Falkland Islands
FM	OCEANIA	Micronesia
FO	EUROPE	Faroe Islands
FR	EUROPE	France
GA	AFRICA	Gabon
GB	EUROPE	United Kingdom
GD	NORTH_AMERICA	Grenada
GE	EUROPE	Georgia
GF	SOUTH_AMERICA	French Guiana
GG	EUROPE	Guernsey
GH	AFRICA	Ghana
GI	EUROPE	Gibraltar
GL	NORTH_AMERICA	Greenland
GM	AFRICA	Gambia
GN	AFRICA	Guinea
GP	NORTH_AMERICA	Guadeloupe
GQ	AFRICA	Equatorial Guinea
GR	EUROPE	Greece
GS	NORTH_AMERICA	South Georgia & South Sandwich Islands
GT	NORTH_AMERICA	Guatemala
GU	OCEANIA	Guam
GW	AFRICA	Guinea-Bissau
GY	SOUTH_AMERICA	Guyana
HK	ASIA	Hong Kong SAR China
HM	AFRICA	Heard & McDonald Islands
HN	NORTH_AMERICA	Honduras
HR	EUROPE	Croatia
HT	NORTH_AMERICA	Haiti
HU	EUROPE	Hungary
ID	ASIA	Indonesia
IE	EUROPE	Ireland
IL	ASIA	Israel
IM	EUROPE	Isle of Man
IN	ASIA	India
IO	AFRICA	British Indian Ocean Territory
IQ	ASIA	Iraq
IR	ASIA	Iran
IS	EUROPE	Iceland
IT	EUROPE	Italy
JE	EUROPE	Jersey
JM	NORTH_AMERICA	Jamaica
JO	ASIA	Jordan
JP	ASIA	Japan
KE	AFRICA	Kenya
KG	ASIA	Kyrgyzstan
KH	ASIA	Cambodia
KI	OCEANIA	Kiribati
KM	AFRICA	Comoros
KN	NORTH_AMERICA	St. Kitts & Nevis
KP	ASIA	North Korea
KR	ASIA	South Korea
KW	ASIA	Kuwait
KY	NORTH_AMERICA	Cayman Islands
KZ	ASIA	Kazakhstan
LA	ASIA	Laos
LB	ASIA	Lebanon
LC	NORTH_AMERICA	St. Lucia
LI	EUROPE	Liechtenstein
LK	ASIA	Sri Lanka
LR	AFRICA	Liberia
LS	AFRICA	Lesotho
LT	EUROPE	Lithuania
LU	EUROPE	Luxembourg
LV	EUROPE	Latvia
LY	AFRICA	Libya
MA	AFRICA	Morocco
MC	EUROPE	Monaco
MD	EUROPE	Moldova
ME	EUROPE	Montenegro
MF	NORTH_AMERICA	St. Martin
MG	AFRICA	Madagascar
MH	OCEANIA	Marshall Islands
MK	EUROPE	North Macedonia
ML	AFRICA	Mali
MM	ASIA	Myanmar (Burma)
MN	ASIA	Mongolia
MO	ASIA	Macao SAR China
MP	OCEANIA	Northern Mariana Islands
MQ	NORTH_AMERICA	Martinique
MR	AFRICA	Mauritania
MS	NORTH_AMERICA	Montserrat
MT	EUROPE	Malta
MU	AFRICA	Mauritius
MV	ASIA	Maldives
MW	AFRICA	Malawi
MX	NORTH_AMERICA	Mexico
MY	ASIA	Malaysia
MZ	AFRICA	Mozambique
NA	AFRICA	Namibia
NC	OCEANIA	New Caledonia
NE	AFRICA	Niger
NF	OCEANIA	Norfolk Island
NG	AFRICA	Nigeria
NI	NORTH_AMERICA	Nicaragua
NL	EUROPE	Netherlands
NO	EUROPE	Norway
NP	ASIA	Nepal
NR	OCEANIA	Nauru
NU	OCEANIA	Niue
NZ	OCEANIA	New Zealand
OM	ASIA	Oman
PA	NORTH_AMERICA	Panama
PE	SOUTH_AMERICA	Peru
PF	OCEANIA	French Polynesia
PG	OCEANIA	Papua New Guinea
PH	ASIA	Philippines
PK	ASIA	Pakistan
PL	EUROPE	Poland
PM	NORTH_AMERICA	St. Pierre & Miquelon
PN	OCEANIA	Pitcairn Islands
PR	NORTH_AMERICA	Puerto Rico
PS	ASIA	Palestinian Territories
PT	EUROPE	Portugal
PW	OCEANIA	Palau
PY	SOUTH_AMERICA	Paraguay
QA	ASIA	Qatar
RE	AFRICA	Réunion
RO	EUROPE	Romania
RS	EUROPE	Serbia
RU	EUROPE	Russia
RW	AFRICA	Rwanda
SA	ASIA	Saudi Arabia
SB	OCEANIA	Solomon Islands
SC	AFRICA	Seychelles
SD	AFRICA	Sudan
SE	EUROPE	Sweden
SG	ASIA	Singapore
SH	AFRICA	St. Helena
SI	EUROPE	Slovenia
SJ	EUROPE	Svalbard & Jan Mayen
SK	EUROPE	Slovakia
SL	AFRICA	Sierra Leone
SM	EUROPE	San Marino
SN	AFRICA	Senegal
SO	AFRICA	Somalia
SR	SOUTH_AMERICA	Suriname
SS	AFRICA	South Sudan
ST	AFRICA	São Tomé & Príncipe
SV	NORTH_AMERICA	El Salvador
SX	NORTH_AMERICA	Sint Maarten
SY	ASIA	Syria
SZ	AFRICA	Eswatini
TC	NORTH_AMERICA	Turks & Caicos Islands
TD	AFRICA	Chad
TF	AFRICA	French Southern Territories
TG	AFRICA	Togo
TH	ASIA	Thailand
TJ	ASIA	Tajikistan
TK	OCEANIA	Tokelau
TL	ASIA	Timor-Leste
TM	ASIA	Turkmenistan
TN	AFRICA	Tunisia
TO	OCEANIA	Tonga
TR	EUROPE	Türkiye
TT	NORTH_AMERICA	Trinidad & Tobago
TV	OCEANIA	Tuvalu
TW	ASIA	Taiwan
TZ	AFRICA	Tanzania
UA	EUROPE	Ukraine
UG	AFRICA	Uganda
UM	OCEANIA	U.S. Outlying Islands
US	NORTH_AMERICA	United States
UY	SOUTH_AMERICA	Uruguay
UZ	ASIA	Uzbekistan
VA	EUROPE	Vatican City
VC	NORTH_AMERICA	St. Vincent & Grenadines
VE	SOUTH_AMERICA	Venezuela
VG	NORTH_AMERICA	British Virgin Islands
VI	NORTH_AMERICA	U.S. Virgin Islands
VN	ASIA	Vietnam
VU	OCEANIA	Vanuatu
WF	OCEANIA	Wallis & Futuna
WS	OCEANIA	Samoa
XK	EUROPE	Kosovo
YE	ASIA	Yemen
YT	AFRICA	Mayotte
ZA	AFRICA	South Africa
ZM	AFRICA	Zambia
ZW	AFRICA	Zimbabwe
